,idx,airspeed,wing_angle,roll_eff,pitch_eff,yaw_eff
0,1,0.0,1.570796327,0.0,0.0012,0.00025
1,3,0.0,1.570796327,0.0,-0.0012,0.00025

